source_id,source_name_raw,source_name_clean,matched_lei,matched_legal_name,matched_legal_name_clean,match_score,score_type,match_method,match_status,blocking_keys,notes
SUS0000001,AcBel Polytech Inc.,acbel polytech,391200YIFYBSUPYC4G31,ACBEL POLYTECH HOLDINGS INC,acbel polytech holdings,100.0,combined_max_token_sort_token_set,fuzzy,auto,"country=TAIWAN, PROVINCE OF CHINA|first_char=a|first_token=acbel","Top candidate by max(token_sort_ratio, token_set_ratio)"
SUS0000002,Chalhoub Group,chalhoub group,213800QV4EBMZW6Y2M48,CHALHOUB GROUP LIMITED,chalhoub group,100.0,exact,exact,auto,country=UNITED ARAB EMIRATES|first_char=c|first_token=chalhoub,Exact match on cleaned names
SUS0000003,Citrosuco Agroindustria S.A.,citrosuco agroindustria,254900I1W4VRYY7QMK13,Citrosuco GmbH,citrosuco,100.0,combined_max_token_sort_token_set,fuzzy,auto,country=BRAZIL|first_char=c|first_token=citrosuco,"Top candidate by max(token_sort_ratio, token_set_ratio)"
SUS0000004,Cloudfm Group Limited,cloudfm group,,,,55.55555555555556,combined_max_token_sort_token_set,fuzzy,unmatched,country=UNITED KINGDOM|first_char=c|first_token=cloudfm,"Top candidate by max(token_sort_ratio, token_set_ratio)"
SUS0000005,Deutsche Glasfaser Group GmbH,deutsche glasfaser group,,,,80.0,combined_max_token_sort_token_set,fuzzy,unmatched,country=GERMANY|first_char=d|first_token=deutsche,"Top candidate by max(token_sort_ratio, token_set_ratio)"
SUS0000006,Drax Group plc,drax group,549300YPSNTXR4ZHSR98,DRAX GROUP PLC,drax group,100.0,exact,exact,auto,country=UNITED KINGDOM|first_char=d|first_token=drax,Exact match on cleaned names
SUS0000007,Fater S.p.A.,fater,8156001747635D7D4A58,FATER S.P.A.,fater,100.0,exact,exact,auto,country=ITALY|first_char=f|first_token=fater,Exact match on cleaned names
SUS0000008,FRIGOGLASS,frigoglass,9845008FY9888CE1D333,FRIGOGLASS INDIA PRIVATE LIMITED,frigoglass india private,100.0,combined_max_token_sort_token_set,fuzzy,auto,country=GREECE|first_char=f|first_token=frigoglass,"Top candidate by max(token_sort_ratio, token_set_ratio)"
SUS0000009,Guardian News and Media Limited,guardian news and media,,,,82.35294117647058,combined_max_token_sort_token_set,fuzzy,unmatched,country=UNITED KINGDOM|first_char=g|first_token=guardian,"Top candidate by max(token_sort_ratio, token_set_ratio)"
SUS0000010,Hanesbrands Inc.,hanesbrands,GX5LWVWZLL5S4W1L2F20,HANESBRANDS INC.,hanesbrands,100.0,exact,exact,auto,country=UNITED STATES OF AMERICA|first_char=h|first_token=hanesbrands,Exact match on cleaned names
SUS0000011,HSS HIRE GROUP PLC,hss hire group,213800SKDXPRP7EUQU35,HSS HIRE GROUP EMPLOYEE BENEFIT TRUST,hss hire group employee benefit trust,100.0,combined_max_token_sort_token_set,fuzzy,auto,country=UNITED KINGDOM|first_char=h|first_token=hss,"Top candidate by max(token_sort_ratio, token_set_ratio)"
SUS0000012,Irwin Mitchell Holdings Limited,irwin mitchell holdings,2138008ANE5QKSVFL345,IRWIN MITCHELL LLP,irwin mitchell,100.0,combined_max_token_sort_token_set,fuzzy,auto,country=UNITED KINGDOM|first_char=i|first_token=irwin,"Top candidate by max(token_sort_ratio, token_set_ratio)"
SUS0000013,LG Electronics Inc.,lg electronics,259400AX51E99MA4FN07,"""LG ELECTRONICS WROCŁAW SPÓŁKA Z OGRANICZONĄ ODPOWIEDZIALNOŚCIĄ""",lg electronics wroc aw spo ka z ograniczona odpowiedzialnoscia,100.0,combined_max_token_sort_token_set,fuzzy,auto,"country=KOREA, REPUBLIC OF|first_char=l|first_token=lg","Top candidate by max(token_sort_ratio, token_set_ratio)"
SUS0000014,Li & Fung Trading Limited,li and fung trading,549300DLFGIHXDIVMV06,LI & CO AG,li and,100.0,combined_max_token_sort_token_set,fuzzy,auto,"country=HONG KONG, CHINA|first_char=l|first_token=li","Top candidate by max(token_sort_ratio, token_set_ratio)"
SUS0000015,Premier Foods PLC,premier foods,549300VXGLZPTY90JB37,PREMIER FOODS PENSION SCHEME TRUSTEES LIMITED,premier foods pension scheme trustees,100.0,combined_max_token_sort_token_set,fuzzy,auto,country=UNITED KINGDOM|first_char=p|first_token=premier,"Top candidate by max(token_sort_ratio, token_set_ratio)"
SUS0000016,"Sekisui House, LTD",sekisui house,,,,70.0,combined_max_token_sort_token_set,fuzzy,unmatched,country=JAPAN|first_char=s|first_token=sekisui,"Top candidate by max(token_sort_ratio, token_set_ratio)"
SUS0000017,"Sigma Alimentos, S. A. de C. V.",sigma alimentos s a de c v,,,,71.42857142857143,combined_max_token_sort_token_set,fuzzy,unmatched,country=MEXICO|first_char=s|first_token=sigma,"Top candidate by max(token_sort_ratio, token_set_ratio)"
SUS0000018,Swiss Post,swiss post,,,,66.66666666666666,combined_max_token_sort_token_set,fuzzy,unmatched,country=SWITZERLAND|first_char=s|first_token=swiss,"Top candidate by max(token_sort_ratio, token_set_ratio)"
SUS0000019,Teknikum Group Ltd.,teknikum group,,,,84.21052631578948,combined_max_token_sort_token_set,fuzzy,unmatched,country=FINLAND|first_char=t|first_token=teknikum,"Top candidate by max(token_sort_ratio, token_set_ratio)"
SUS0000020,Thai Union Group Public Company Limited,thai union group public,,,,74.07407407407408,combined_max_token_sort_token_set,fuzzy,unmatched,country=THAILAND|first_char=t|first_token=thai,"Top candidate by max(token_sort_ratio, token_set_ratio)"
SUS0000021,TIS Inc.,tis,35380064HYEZXBQHDF07,TIS株式会社,tis,100.0,exact,exact,auto,country=JAPAN|first_char=t|first_token=tis,Exact match on cleaned names
SUS0000022,Vattenfall AB,vattenfall ab,549300T5RZ1HA5HZ3109,Vattenfall AB,vattenfall ab,100.0,exact,exact,auto,country=SWEDEN|first_char=v|first_token=vattenfall,Exact match on cleaned names
SUS0000023,CVC,cvc,549300GKQDDLEFTDUU37,CVC CAPITAL PARTNERS (BENELUX) NV,cvc capital partners benelux,100.0,combined_max_token_sort_token_set,fuzzy,auto,country=LUXEMBOURG|first_char=c|first_token=cvc,"Top candidate by max(token_sort_ratio, token_set_ratio)"
SUS0000024,Tsubakimoto Chain Co.,tsubakimoto chain,213800MATLT7B293M616,TSUBAKIMOTO UK LIMITED,tsubakimoto uk,88.0,combined_max_token_sort_token_set,fuzzy,review,country=JAPAN|first_char=t|first_token=tsubakimoto,"Top candidate by max(token_sort_ratio, token_set_ratio)"
SUS0000025,Zadig&Voltaire,zadig and voltaire,,,,64.86486486486487,combined_max_token_sort_token_set,fuzzy,unmatched,country=FRANCE|first_char=z|first_token=zadig,"Top candidate by max(token_sort_ratio, token_set_ratio)"
SUS0000026,"Waystar Technologies, Inc.",waystar technologies,549300BIRBTAWWHCSZ09,"WAYSTAR TECHNOLOGIES, INC.",waystar technologies,100.0,exact,exact,auto,country=UNITED STATES OF AMERICA|first_char=w|first_token=waystar,Exact match on cleaned names
SUS0000027,Asahi Kasei Homes Corporation,asahi kasei homes,9695003L1DWHEUPGOF02,ASAHI,asahi,100.0,combined_max_token_sort_token_set,fuzzy,auto,country=JAPAN|first_char=a|first_token=asahi,"Top candidate by max(token_sort_ratio, token_set_ratio)"
SUS0000028,AVRIL SCA,avril sca,9695004R3U32NHY14K02,AVRIL,avril,100.0,combined_max_token_sort_token_set,fuzzy,auto,country=FRANCE|first_char=a|first_token=avril,"Top candidate by max(token_sort_ratio, token_set_ratio)"
SUS0000029,Building Design Partnership Limited,building design partnership,,,,80.0,combined_max_token_sort_token_set,fuzzy,unmatched,country=UNITED KINGDOM|first_char=b|first_token=building,"Top candidate by max(token_sort_ratio, token_set_ratio)"
SUS0000030,Coles Group Limited,coles group,549300OHQRG2HN8LZ793,COLES GROUP LIMITED,coles group,100.0,exact,exact,auto,country=AUSTRALIA|first_char=c|first_token=coles,Exact match on cleaned names
SUS0000031,Cordenka GmbH & Co. KG,cordenka gmbh and co kg,529900RT9YUDVQW7XP33,Cordenka GmbH & Co. KG,cordenka gmbh and co kg,100.0,exact,exact,auto,country=GERMANY|first_char=c|first_token=cordenka,Exact match on cleaned names
SUS0000032,Ellab A/S,ellab a s,2138003JHUE8O8Z9AW36,ELLAB A/S,ellab a s,100.0,exact,exact,auto,country=DENMARK|first_char=e|first_token=ellab,Exact match on cleaned names
SUS0000033,ESPEC Corp.,espec,,,,44.44444444444444,combined_max_token_sort_token_set,fuzzy,unmatched,country=JAPAN|first_char=e|first_token=espec,"Top candidate by max(token_sort_ratio, token_set_ratio)"
SUS0000034,FirstGroup PLC,firstgroup,549300DEJZCPWA4HKM93,FIRSTGROUP PLC,firstgroup,100.0,exact,exact,auto,country=UNITED KINGDOM|first_char=f|first_token=firstgroup,Exact match on cleaned names
SUS0000035,HubSpot Inc,hubspot,529900BLNVEW0MVKJB37,"HUBSPOT, INC.",hubspot,100.0,exact,exact,auto,country=UNITED STATES OF AMERICA|first_char=h|first_token=hubspot,Exact match on cleaned names
SUS0000036,Innolux Corporation,innolux,335800QJRSREIMFURP02,INNOLUX OPTOELECTRONICS INDIA PRIVATE LIMITED,innolux optoelectronics india private,100.0,combined_max_token_sort_token_set,fuzzy,auto,"country=TAIWAN, PROVINCE OF CHINA|first_char=i|first_token=innolux","Top candidate by max(token_sort_ratio, token_set_ratio)"
SUS0000037,Interloop Limited,interloop,,,,52.17391304347826,combined_max_token_sort_token_set,fuzzy,unmatched,country=PAKISTAN|first_char=i|first_token=interloop,"Top candidate by max(token_sort_ratio, token_set_ratio)"
SUS0000038,"Interpublic Group of Companies, Inc.",interpublic group of companies,,,,46.808510638297875,combined_max_token_sort_token_set,fuzzy,unmatched,country=UNITED STATES OF AMERICA|first_char=i|first_token=interpublic,"Top candidate by max(token_sort_ratio, token_set_ratio)"
SUS0000039,"ISHIZUKA GLASS CO., LTD.",ishizuka glass,,,,72.72727272727272,combined_max_token_sort_token_set,fuzzy,unmatched,country=JAPAN|first_char=i|first_token=ishizuka,"Top candidate by max(token_sort_ratio, token_set_ratio)"
SUS0000040,John Lewis Partnership,john lewis partnership,,,,57.142857142857146,combined_max_token_sort_token_set,fuzzy,unmatched,country=UNITED KINGDOM|first_char=j|first_token=john,"Top candidate by max(token_sort_ratio, token_set_ratio)"
SUS0000041,News Corp,news,549300DOBUVV6BYMQY44,NEWS LLC,news,100.0,exact,exact,auto,country=UNITED STATES OF AMERICA|first_char=n|first_token=news,Exact match on cleaned names
SUS0000042,OTB S.p.A.,otb,5493003WJ89QZBXREG50,OTB S.P.A.,otb,100.0,exact,exact,auto,country=ITALY|first_char=o|first_token=otb,Exact match on cleaned names
SUS0000043,Anticimex Group AB,anticimex group ab,6367006E0E7KOCLEZX51,Anticimex Group AB,anticimex group ab,100.0,exact,exact,auto,country=SWEDEN|first_char=a|first_token=anticimex,Exact match on cleaned names
SUS0000044,Aon plc,aon,213800AWXBV2O8XXTI24,AON MC MILLEN LIMITED RETIREMENT BENEFITS SCHEME,aon mc millen limited retirement benefits scheme,100.0,combined_max_token_sort_token_set,fuzzy,auto,country=IRELAND|first_char=a|first_token=aon,"Top candidate by max(token_sort_ratio, token_set_ratio)"
SUS0000045,BUREAU VERITAS,bureau veritas,549300TCGZ0XD73E1G61,Bureau Veritas Singapore Pte. Ltd.,bureau veritas singapore,100.0,combined_max_token_sort_token_set,fuzzy,auto,country=FRANCE|first_char=b|first_token=bureau,"Top candidate by max(token_sort_ratio, token_set_ratio)"
SUS0000046,"DuPont de Nemours, Inc.",dupont de nemours,5493004JF0SDFLM8GD76,"DUPONT DE NEMOURS, INC.",dupont de nemours,100.0,exact,exact,auto,country=UNITED STATES OF AMERICA|first_char=d|first_token=dupont,Exact match on cleaned names
SUS0000047,Ermenegildo Zegna NV,ermenegildo zegna,8156003760472AA7E269,ERMENEGILDO ZEGNA N.V.,ermenegildo zegna n v,100.0,combined_max_token_sort_token_set,fuzzy,auto,country=ITALY|first_char=e|first_token=ermenegildo,"Top candidate by max(token_sort_ratio, token_set_ratio)"
SUS0000048,Gammon Group,gammon group,,,,66.66666666666666,combined_max_token_sort_token_set,fuzzy,unmatched,"country=HONG KONG, CHINA|first_char=g|first_token=gammon","Top candidate by max(token_sort_ratio, token_set_ratio)"
SUS0000049,Genuit Group plc,genuit group,2138005IF1N2RKJ6KO18,Genuit Group plc,genuit group,100.0,exact,exact,auto,country=UNITED KINGDOM|first_char=g|first_token=genuit,Exact match on cleaned names
SUS0000050,Glenmark Pharmaceuticals Limited,glenmark pharmaceuticals,335800WKECZXIIT9GK20,GLENMARK PHARMACEUTICALS LIMITED,glenmark pharmaceuticals,100.0,exact,exact,auto,country=INDIA|first_char=g|first_token=glenmark,Exact match on cleaned names
